query,generated_plan,default_plan_mean_ms,default_plan_std_ms,generated_plan_mean_ms,generated_plan_std_ms,absolute_advantage_ms,relative_advantage,n_runs,default_plan_all_runtimes_ms,generated_plan_all_runtimes_ms,default_statuses,generated_statuses,default_has_error_or_oom,default_has_timeout
(badge )(comment (date t< first))(post_link (date t!= 0046)),"[4, 6, 3, 4, 3, 2]",300000.0,0.0,768.4319,44.5697,299231.5681,390.405471,5,"300000.00,300000.00,300000.00,300000.00,300000.00","825.38,749.97,805.77,737.39,723.66","error,error,error,error,complete","complete,complete,complete,complete,complete",True,False
"(answer (creation_date t> first))(badge )(comment (score = last))(post_link )(site (site_name ""sports""))(so_user (downvotes != mode))(tag )(tag_question )","[3, 6, 9, 3, 9, 2]",300000.0,0.0,924.1162,15.7649,299075.8838,324.634506,5,"300000.00,300000.00,300000.00,300000.00,300000.00","910.61,937.66,903.79,936.43,932.09","error,error,error,error,error","complete,complete,complete,complete,complete",True,False
"(answer (creation_date t> first))(badge )(comment (score = last))(post_link )(site (site_name ""sports""))(so_user (downvotes > mode))(tag )(tag_question )","[3, 6, 9, 3, 8, 9]",300000.0,0.0,927.6405,5.4362,299072.3595,323.40115,5,"300000.00,300000.00,300000.00,300000.00,300000.00","921.48,926.80,935.10,930.86,923.97","error,error,error,error,error","complete,complete,complete,complete,complete",True,False
"(answer (creation_date t> first))(badge )(comment (score = last))(post_link )(site (site_name ""law""))(so_user (downvotes != mode))(tag )(tag_question )","[3, 6, 9, 3, 9, 2]",300000.0,0.0,928.1296,14.9414,299071.8704,323.230712,5,"300000.00,300000.00,300000.00,300000.00,300000.00","937.54,911.41,913.88,945.59,932.24","error,error,error,error,error","complete,complete,complete,complete,complete",True,False
"(answer (creation_date t> first))(badge )(comment (score = last))(post_link )(site (site_name ""italian""))(so_user (downvotes > mode))(tag )(tag_question )","[3, 6, 9, 3, 2, 1, 9, 2]",300000.0,0.0,931.4516,31.8822,299068.5484,322.077924,5,"300000.00,300000.00,300000.00,300000.00,300000.00","905.13,959.00,972.11,904.04,916.98","error,error,error,error,error","complete,complete,complete,complete,complete",True,False
"(answer (creation_date t> first))(badge )(comment (score = last))(post_link )(site (site_name ""languagelearning""))(so_user (downvotes != mode))(tag )(tag_question )","[8, 6, 8, 3, 9, 8]",300000.0,0.0,944.6829,14.4516,299055.3171,317.566884,5,"300000.00,300000.00,300000.00,300000.00,300000.00","938.93,935.95,969.59,944.55,934.40","error,error,error,error,error","complete,complete,complete,complete,complete",True,False
"(answer (creation_date t> first))(badge )(comment (score < mode))(post_link )(site (site_name ""drupal""))(so_user (last_access_date t!= last)(downvotes > median))(tag )(tag_question )","[3, 6, 9, 3, 9, 2]",300000.0,0.0,946.2565,17.1772,299053.7435,317.038759,5,"300000.00,300000.00,300000.00,300000.00,300000.00","967.34,949.07,919.36,947.68,947.83","error,error,error,error,error","complete,complete,complete,complete,complete",True,False
"(answer (creation_date t> first))(badge )(comment (score = last))(post_link )(site (site_name ""law""))(so_user (last_access_date t!= last)(downvotes > mode))(tag )(tag_question )","[3, 6, 9, 3, 9, 2]",300000.0,0.0,950.2575,4.914,299049.7425,315.703904,5,"300000.00,300000.00,300000.00,300000.00,300000.00","945.59,951.36,950.65,946.00,957.69","error,error,error,error,error","complete,complete,complete,complete,complete",True,False
"(answer (creation_date t> first))(badge )(comment (score < mode))(post_link )(site (site_name ""english""))(tag )(tag_question )","[3, 6, 9, 3, 9, 2]",300000.0,0.0,1019.1383,5.4,298980.8617,294.366318,5,"300000.00,300000.00,300000.00,300000.00,300000.00","1016.86,1018.28,1015.77,1016.14,1028.64","error,error,error,error,complete","complete,complete,complete,complete,complete",True,False
"(answer (creation_date t> first))(badge )(comment (score < mode))(post_link )(site (site_name ""drupal""))(tag )(tag_question )","[3, 6, 9, 3, 9, 2]",300000.0,0.0,1020.0799,9.6055,298979.9201,294.094624,5,"300000.00,300000.00,300000.00,300000.00,300000.00","1005.83,1025.79,1031.33,1020.00,1017.45","error,error,error,error,error","complete,complete,complete,complete,complete",True,False
"(answer (creation_date t> first))(badge )(comment (score < mode))(post_link )(site (site_name ""languagelearning""))(tag )(tag_question )","[3, 6, 9, 3, 9, 2]",300000.0,0.0,1024.3025,13.1379,298975.6975,292.882221,5,"300000.00,300000.00,300000.00,300000.00,300000.00","1029.68,1027.38,1032.81,1001.06,1030.58","error,error,error,error,complete","complete,complete,complete,complete,complete",True,False
"(answer (creation_date t> first))(badge )(comment (score < mode))(post_link )(site (site_name ""sports""))(tag )(tag_question )","[3, 6, 9, 3, 9, 2]",300000.0,0.0,1035.3765,50.654,298964.6235,289.749657,5,"300000.00,300000.00,300000.00,300000.00,300000.00","1121.99,1005.86,1001.39,1039.13,1008.51","error,error,error,error,complete","complete,complete,complete,complete,complete",True,False
"(answer (creation_date t> first))(badge )(comment (score < mode))(post_link )(site (site_name ""sports""))(so_user (downvotes != last))(tag )(tag_question )","[3, 6, 9, 3, 8, 9]",300000.0,0.0,1037.7056,8.7331,298962.2944,289.099333,5,"300000.00,300000.00,300000.00,300000.00,300000.00","1038.19,1052.24,1032.16,1029.97,1035.97","error,error,error,error,error","complete,complete,complete,complete,complete",True,False
"(answer (creation_date t> first))(badge )(comment (score = last))(post_link )(site (site_name ""english""))(so_user (last_access_date t!= last))(tag )(tag_question )","[3, 6, 9, 3, 9, 2]",300000.0,0.0,1039.5825,13.1936,298960.4175,288.577375,5,"300000.00,300000.00,300000.00,300000.00,300000.00","1057.50,1034.07,1022.37,1037.70,1046.27","error,error,error,error,error","complete,complete,complete,complete,complete",True,False
"(answer (creation_date t> first))(badge )(comment (score < mode))(post_link )(site (site_name ""drupal""))(so_user (last_access_date t!= last))(tag )(tag_question )","[3, 6, 9, 3, 9, 2]",300000.0,0.0,1047.3122,25.3495,298952.6878,286.447534,5,"300000.00,300000.00,300000.00,300000.00,300000.00","1027.89,1032.63,1052.58,1089.43,1034.03","error,error,error,error,error","complete,complete,complete,complete,complete",True,False
"(answer (creation_date t> first))(badge )(comment (score < mode))(post_link )(site (site_name ""sports""))(so_user (last_access_date t!= last))(tag )(tag_question )","[3, 6, 9, 3, 9, 2]",300000.0,0.0,1048.1832,17.5285,298951.8168,286.209509,5,"300000.00,300000.00,300000.00,300000.00,300000.00","1052.68,1055.93,1058.01,1057.25,1017.04","error,error,error,error,error","complete,complete,complete,complete,complete",True,False
"(answer (creation_date t> first))(badge )(comment (score = last))(post_link )(site (site_name ""languagelearning""))(so_user (last_access_date t!= last))(tag )(tag_question )","[3, 6, 9, 3, 9, 2]",300000.0,0.0,1051.5146,10.1456,298948.4854,285.302736,5,"300000.00,300000.00,300000.00,300000.00,300000.00","1043.72,1067.87,1045.90,1045.17,1054.92","error,error,error,error,complete","complete,complete,complete,complete,complete",True,False
"(answer (creation_date t> first))(badge )(comment (score < mode))(post_link )(site (site_name ""english""))(so_user (last_access_date t!= last))(tag )(tag_question )","[3, 6, 9, 1, 9, 3]",300000.0,0.0,1052.8618,10.0254,298947.1382,284.937685,5,"300000.00,300000.00,300000.00,300000.00,300000.00","1037.32,1058.56,1064.07,1051.32,1053.04","error,error,error,error,error","complete,complete,complete,complete,complete",True,False
"(answer (creation_date t> first))(badge )(comment (score = last))(post_link )(site (site_name ""languagelearning""))(so_user (last_access_date t< last))(tag )(tag_question )","[3, 6, 9, 3, 9, 2]",300000.0,0.0,1055.1962,7.0545,298944.8038,284.307306,5,"300000.00,300000.00,300000.00,300000.00,300000.00","1056.33,1056.13,1043.19,1058.87,1061.46","error,error,error,error,error","complete,complete,complete,complete,complete",True,False
"(answer (creation_date t> first))(badge )(comment (score = last))(post_link )(site (site_name ""sports""))(so_user (last_access_date t!= median))(tag )(tag_question )","[3, 6, 9, 3, 9, 2]",300000.0,0.0,1058.5097,33.1892,298941.4903,283.417341,5,"300000.00,300000.00,300000.00,300000.00,300000.00","1038.36,1117.12,1038.79,1049.88,1048.41","error,error,error,error,error","complete,complete,complete,complete,complete",True,False
"(answer (creation_date t> first))(badge )(comment (score = last))(post_link )(site (site_name ""drupal""))(so_user (last_access_date t< last))(tag )(tag_question )","[3, 6, 9, 3, 9, 2]",300000.0,0.0,1058.7736,69.4698,298941.2264,283.346691,5,"300000.00,300000.00,300000.00,300000.00,300000.00","1045.41,1003.70,1041.70,1023.61,1179.46","error,error,error,error,error","complete,complete,complete,complete,complete",True,False
"(answer (creation_date t> first))(badge )(comment (score = last))(post_link )(site (site_name ""law""))(so_user (last_access_date t< last))(tag )(tag_question )","[3, 6, 9, 3, 9, 2]",300000.0,0.0,1065.9753,54.1802,298934.0247,281.432416,5,"300000.00,300000.00,300000.00,300000.00,300000.00","1031.07,1031.91,1063.28,1043.55,1160.06","error,error,error,error,error","complete,complete,complete,complete,complete",True,False
"(answer (creation_date t> first))(badge )(comment (score = last))(post_link )(site (site_name ""sports""))(so_user (last_access_date t!= last))(tag )(tag_question )","[3, 6, 9, 3, 9, 2]",300000.0,0.0,1105.0201,62.8434,298894.9799,271.488264,5,"300000.00,300000.00,300000.00,300000.00,300000.00","1104.87,1158.96,1057.00,1029.45,1174.82","error,error,error,error,error","complete,complete,complete,complete,complete",True,False
"(answer (creation_date t> first))(badge )(comment (score = last))(post_link )(site (site_name ""languagelearning""))(so_user (last_access_date t!= median))(tag )(tag_question )","[3, 6, 9, 3, 8, 9]",300000.0,0.0,1113.392,80.3429,298886.608,269.446886,5,"300000.00,300000.00,300000.00,300000.00,300000.00","1069.32,1148.34,1239.25,1055.66,1054.38","error,error,error,error,error","complete,complete,complete,complete,complete",True,False
"(answer (creation_date t> first))(badge )(comment (score < mode))(post_link )(site (site_name ""italian""))(tag )(tag_question )","[3, 6, 9, 3, 8, 6, 9]",300000.0,0.0,1139.6663,7.0939,298860.3337,263.234944,5,"300000.00,300000.00,300000.00,300000.00,300000.00","1130.30,1140.83,1144.12,1148.07,1135.01","error,error,error,error,error","complete,complete,complete,complete,complete",True,False
"(answer (creation_date t> first))(badge )(comment (score = last))(post_link )(site (site_name ""drupal""))(so_user (last_access_date t!= last))(tag )(tag_question )","[3, 6, 9, 3, 9, 2]",300000.0,0.0,1202.8605,283.9016,298797.1395,249.40547,5,"300000.00,300000.00,300000.00,300000.00,300000.00","1076.81,1081.41,1034.98,1112.81,1708.30","error,error,error,error,error","complete,complete,complete,complete,complete",True,False
"(answer (creation_date t> first))(badge )(comment (score = last))(post_link )(site (site_name ""languagelearning""))(so_user (last_access_date t< last)(downvotes > mode))(tag )(tag_question )","[8, 6, 9, 8, 9, 4]",300000.0,0.0,1203.6347,13.7997,298796.3653,249.245049,5,"300000.00,300000.00,300000.00,300000.00,300000.00","1217.42,1204.18,1217.17,1189.41,1190.00","error,error,error,error,error","complete,complete,complete,complete,complete",True,False
"(answer (creation_date t> first))(badge )(comment (score = last))(post_link )(site (site_name ""drupal""))(so_user (last_access_date t!= last)(downvotes > mode))(tag )(tag_question )","[9, 6, 2, 9, 3, 2]",300000.0,0.0,1330.5381,29.0398,298669.4619,225.472682,5,"300000.00,300000.00,300000.00,300000.00,300000.00","1301.85,1334.20,1356.45,1360.63,1299.55","error,error,error,error,error","complete,complete,complete,complete,complete",True,False
"(answer (creation_date t> first))(badge )(comment (score = last))(post_link )(site (site_name ""law""))(so_user (last_access_date t< 0258))(tag )(tag_question )","[6, 1]",300000.0,0.0,1365.696,22.6347,298634.304,219.668213,5,"300000.00,300000.00,300000.00,300000.00,300000.00","1357.79,1334.84,1391.07,1384.66,1360.12","error,error,error,error,error","complete,complete,complete,complete,complete",True,False
"(answer (creation_date t> first))(badge )(comment (score = last))(post_link )(site (site_name ""law""))(so_user (last_access_date t!= last))(tag )(tag_question )","[9, 6, 2, 9, 3, 2]",300000.0,0.0,1434.6534,18.3848,298565.3466,209.109737,5,"300000.00,300000.00,300000.00,300000.00,300000.00","1426.13,1411.35,1436.14,1461.53,1438.11","error,error,error,complete,complete","complete,complete,complete,complete,complete",True,False
"(answer (creation_date t> first))(badge )(comment (score = last))(post_link )(site (site_name ""sports""))(so_user (last_access_date t< last))(tag )(tag_question )",[6],300000.0,0.0,1446.792,13.7001,298553.208,207.355303,5,"300000.00,300000.00,300000.00,300000.00,300000.00","1433.73,1468.87,1438.92,1450.10,1442.34","error,error,error,error,error","complete,complete,complete,complete,complete",True,False
"(answer (creation_date t> first))(badge )(comment (score = last))(post_link )(site (site_name ""english""))(so_user (last_access_date t< last)(downvotes > mode))(tag )(tag_question )",[3],300000.0,0.0,1451.5175,16.5185,298548.4825,206.680245,5,"300000.00,300000.00,300000.00,300000.00,300000.00","1457.19,1422.54,1456.23,1457.33,1464.30","error,error,error,error,error","complete,complete,complete,complete,complete",True,False
"(answer (creation_date t> first))(badge )(comment (score = last))(post_link )(site (site_name ""law""))(so_user (downvotes > mode))(tag )(tag_question )","[7, 6, 0, 7, 8, 0, 3, 8]",300000.0,0.0,2500.1227,117.5139,297499.8773,119.994109,5,"300000.00,300000.00,300000.00,300000.00,300000.00","2397.48,2596.90,2349.19,2567.12,2589.93","error,error,error,error,error","complete,complete,complete,complete,complete",True,False
"(answer (creation_date t> first))(badge )(comment (score = last))(post_link )(site (site_name ""english""))(so_user (downvotes > mode))(tag )(tag_question )","[7, 6, 0, 7, 8, 0, 3, 8]",300000.0,0.0,7293.4654,115.5082,292706.5346,41.13271,5,"300000.00,300000.00,300000.00,300000.00,300000.00","7289.42,7140.87,7330.12,7457.20,7249.72","error,error,error,error,error","complete,complete,complete,complete,complete",True,False
(answer (creation_date t> first))(badge )(comment (score = last))(tag )(tag_question ),"[9, 6, 2, 9, 9, 3]",300000.0,0.0,8201.8443,359.7653,291798.1557,36.577139,5,"300000.00,300000.00,300000.00,300000.00,300000.00","8195.08,7619.25,8547.61,8203.16,8444.14","error,error,error,error,error","complete,complete,complete,complete,complete",True,False
"(answer (creation_date t> first))(badge )(comment (score < mode))(post_link )(site (site_name ""law""))(tag_question )","[3, 6, 9, 3, 9, 2]",300000.0,0.0,13039.9152,151.1415,286960.0848,23.006285,5,"300000.00,300000.00,300000.00,300000.00,300000.00","12830.42,13176.44,12973.05,13024.39,13195.28","error,error,error,error,error","complete,complete,complete,complete,complete",True,False
"(answer (creation_date t> first))(badge )(comment (score < mode))(post_link )(site (site_name ""sports""))(tag_question )","[3, 6, 9, 3, 9, 2]",300000.0,0.0,13139.1623,348.027,286860.8377,22.832506,5,"300000.00,300000.00,300000.00,300000.00,300000.00","12936.98,12996.69,13745.39,13112.30,12904.46","error,error,error,complete,complete","complete,complete,complete,complete,complete",True,False
(answer (creation_date t> first))(badge )(comment (score = last))(post_link )(tag )(tag_question ),"[3, 6, 9, 3, 8, 6, 9, 2]",300000.0,0.0,14505.3618,432.3463,285494.6382,20.682007,5,"300000.00,300000.00,300000.00,300000.00,300000.00","14336.24,15146.85,13984.98,14395.89,14662.85","complete,complete,complete,complete,complete","complete,complete,complete,complete,complete",False,False
(answer (creation_date t> first))(badge )(comment (score = last))(post_link )(site )(tag )(tag_question ),"[1, 6, 9, 3, 9, 2]",300000.0,0.0,15887.6541,765.8583,284112.3459,18.882586,5,"300000.00,300000.00,300000.00,300000.00,300000.00","16853.05,15238.09,15282.72,16572.81,15491.60","complete,complete,complete,complete,complete","complete,complete,complete,complete,complete",False,False
"(comment )(site (site_name ""quantumcomputing""))(tag )(tag_question )","[8, 6, 9, 8, 9, 3]",145114.6911,2002.9339,26553.1666,298.2365,118561.5245,5.465062,5,"144374.05,145154.90,146681.23,147198.35,142164.92","26365.18,26886.35,26151.76,26769.25,26593.30","complete,complete,complete,complete,complete","complete,complete,complete,complete,complete",False,False
"(site (site_name ""academia""))(so_user (last_access_date t!= median)(downvotes > mode))(tag_question )","[7, 6, 9, 7]",123519.1032,2343.162,18930.1325,1217.0446,104588.9707,6.524999,5,"120003.21,122208.24,125271.57,125262.32,124850.18","16905.61,19110.63,18963.32,20111.99,19559.11","complete,complete,complete,complete,complete","complete,complete,complete,complete,complete",False,False
"(answer (creation_date t!= last))(comment )(post_link )(site (site_name ""languagelearning""))(so_user (last_access_date t> first))(tag )(tag_question )","[7, 6, 5, 7, 9, 5]",97792.4737,1496.1689,14349.2491,52.2588,83443.2246,6.815163,5,"99305.20,96690.04,97173.88,96308.23,99485.03","14346.41,14317.90,14283.78,14380.64,14417.52","complete,complete,complete,complete,complete","complete,complete,complete,complete,complete",False,False
"(answer (creation_date t< last))(comment )(post_link )(site (site_name ""languagelearning""))(so_user (last_access_date t> first))(tag )(tag_question )","[8, 6, 9, 8, 2, 1, 9, 2]",98175.5698,1781.8363,14946.7504,732.6662,83228.8195,6.568355,5,"96097.05,96376.03,99698.22,99197.15,99509.39","15325.63,15263.88,13663.84,15446.34,15034.06","complete,complete,complete,complete,complete","complete,complete,complete,complete,complete",False,False
"(answer (creation_date t> first))(comment )(post_link )(site (site_name ""languagelearning""))(so_user (last_access_date t!= last))(tag )(tag_question )","[8, 6, 3, 8, 9, 1]",98325.1096,1030.8895,15691.44,1058.8159,82633.6697,6.266162,5,"99264.41,97095.24,99213.26,98692.92,97359.73","14579.85,16593.11,16660.18,16089.64,14534.42","complete,complete,complete,complete,complete","complete,complete,complete,complete,complete",False,False
"(answer (creation_date t< last))(comment )(post_link )(site (site_name ""languagelearning""))(so_user (last_access_date t!= first))(tag )(tag_question )","[7, 6, 5, 7, 9, 5]",92667.0022,12146.6,14511.6521,237.2751,78155.35,6.385696,5,"99060.79,70990.03,96814.36,97931.43,98538.40","14354.66,14356.10,14760.05,14781.00,14306.46","complete,complete,complete,complete,complete","complete,complete,complete,complete,complete",False,False
"(answer (creation_date t!= last))(comment )(post_link )(site (site_name ""languagelearning""))(so_user (downvotes = first))(tag )(tag_question )","[1, 6, 9, 1, 9, 3]",81580.9414,1026.9082,13629.8649,1035.8892,67951.0766,5.985455,5,"81031.36,81587.78,80199.86,82824.06,82261.63","13931.87,14438.32,12506.30,14705.29,12567.54","complete,complete,complete,complete,complete","complete,complete,complete,complete,complete",False,False
"(answer (creation_date t!= last))(comment )(post_link )(site (site_name ""languagelearning""))(so_user (downvotes = mode))(tag )(tag_question )","[1, 6, 1, 3, 9, 6]",80629.0772,355.5228,14094.6264,183.6679,66534.4508,5.720554,5,"80266.78,80919.92,80290.60,80620.56,81047.53","13784.18,14138.82,14222.05,14237.29,14090.79","complete,complete,complete,complete,complete","complete,complete,complete,complete,complete",False,False
"(answer (creation_date t!= last))(comment )(post_link (date t> first))(site (site_name ""languagelearning""))(so_user (downvotes = mode))(tag )(tag_question )","[9, 6]",81502.9651,1135.448,17933.8614,491.9698,63569.1037,4.544641,5,"82350.64,81573.86,80447.07,80285.34,82857.91","17669.03,17985.96,17412.99,17879.42,18721.91","complete,complete,complete,complete,complete","complete,complete,complete,complete,complete",False,False
"(answer (creation_date t< last))(comment )(post_link )(site (site_name ""languagelearning""))(so_user (downvotes = mode))(tag )(tag_question )","[1, 6, 9, 1, 9, 3]",77406.2504,10391.1121,14413.5545,542.3894,62992.6959,5.370379,5,"58920.10,81350.26,83098.71,83065.07,80597.11","13923.06,14515.97,14107.93,15304.31,14216.51","complete,complete,complete,complete,complete","complete,complete,complete,complete,complete",False,False
"(answer (creation_date t< last))(comment )(post_link )(site (site_name ""languagelearning""))(so_user (downvotes = first))(tag )(tag_question )","[3, 6, 0, 7, 9, 0]",81772.6043,708.3701,19696.9452,1325.1817,62075.6591,4.151537,5,"82081.13,82300.51,81832.59,80540.85,82107.94","17637.33,21251.52,19435.80,20035.29,20124.78","complete,complete,complete,complete,complete","complete,complete,complete,complete,complete",False,False
"(site (site_name ""codegolf""))(so_user (downvotes > first))(tag_question )","[7, 6, 9, 7]",61837.2124,2173.3283,10880.7309,137.8794,50956.4816,5.683186,5,"61597.01,59604.22,61861.57,60732.42,65390.84","10797.31,10973.63,10892.51,10696.77,11043.43","complete,complete,complete,complete,complete","complete,complete,complete,complete,complete",False,False
(comment (score != first)(date t= last))(post_link (date t> 0889))(site )(tag ),"[6, 3, 8, 6, 4, 8]",71970.1375,983.5423,24543.0103,1556.2487,47427.1272,2.932409,5,"71674.34,71025.78,71353.02,73525.09,72272.46","24192.60,22813.09,24679.35,23987.91,27042.11","complete,complete,complete,complete,complete","complete,complete,complete,complete,complete",False,False
"(answer (creation_date t!= last))(badge )(comment )(post_link (date t= first))(site (site_name ""law""))(tag_question )","[9, 6, 2, 9, 9, 3]",63255.6808,1044.6492,16174.3433,1879.0291,47081.3375,3.910865,5,"62857.47,63324.56,65021.97,62694.72,62379.68","19407.87,16240.23,14996.96,15225.58,15001.07","complete,complete,complete,complete,complete","complete,complete,complete,complete,complete",False,False
"(answer (creation_date t< last))(comment )(post_link )(site (site_name ""italian""))(so_user (downvotes > mode))(tag )(tag_question )","[1, 6, 9, 1]",51165.8479,659.981,10236.536,151.9651,40929.3119,4.998356,5,"51167.59,50947.08,50619.75,52290.73,50804.09","10057.52,10478.88,10202.92,10225.17,10218.20","complete,complete,complete,complete,complete","complete,complete,complete,complete,complete",False,False
"(answer (creation_date t!= last))(comment )(post_link (date t> first))(site (site_name ""italian""))(so_user (last_access_date t< last)(downvotes > mode))(tag )(tag_question )","[4, 6, 9, 4, 9, 3]",51345.5948,1136.534,10542.1266,318.9726,40803.4683,4.870516,5,"50560.94,49996.42,52591.03,51163.24,52416.36","11046.53,10250.56,10568.71,10560.58,10284.26","complete,complete,complete,complete,complete","complete,complete,complete,complete,complete",False,False
"(answer (creation_date t< last))(comment )(post_link )(site (site_name ""italian""))(so_user (downvotes != mode))(tag )(tag_question )","[0, 7, 0, 6, 9, 0]",50951.6904,934.6371,10239.2987,128.9369,40712.3917,4.976092,5,"51304.16,51826.10,51620.23,49578.48,50429.49","10300.53,10294.29,10025.97,10218.92,10356.79","complete,complete,complete,complete,complete","complete,complete,complete,complete,complete",False,False
"(answer (creation_date t!= last))(comment )(post_link (date t> first))(site (site_name ""italian""))(so_user (downvotes > mode))(tag )(tag_question )","[3, 6, 2, 3, 9, 2]",51217.7788,174.8596,10562.4431,149.6985,40655.3357,4.849047,5,"51001.02,51481.85,51216.47,51242.34,51147.21","10674.23,10334.14,10484.97,10649.30,10669.56","complete,complete,complete,complete,complete","complete,complete,complete,complete,complete",False,False
"(answer (creation_date t!= last))(comment )(post_link )(site (site_name ""italian""))(so_user (downvotes > mode))(tag )(tag_question )","[3, 6, 4, 3, 9, 4]",50510.4235,536.9096,10379.3101,248.0815,40131.1134,4.866453,5,"50801.64,50122.78,49853.46,51205.40,50568.84","10605.30,10321.75,10014.79,10618.23,10336.48","complete,complete,complete,complete,complete","complete,complete,complete,complete,complete",False,False
"(answer (creation_date t!= last))(comment )(post_link (date t> first))(site (site_name ""italian""))(so_user (reputation = mode)(last_access_date t< median))(tag )(tag_question )","[3, 4, 7, 3, 9, 7]",50137.5187,132.751,10521.8057,237.3098,39615.713,4.765106,5,"50157.16,50095.26,50344.90,49980.93,50109.34","10448.32,10594.55,10458.91,10230.67,10876.57","complete,complete,complete,complete,complete","complete,complete,complete,complete,complete",False,False
"(answer (creation_date t> first))(badge )(comment (score = last))(post_link )(site (site_name ""english""))(tag_question )","[9, 6, 3, 9, 3, 9]",40166.4626,7917.7689,1321.815,45.6885,38844.6476,30.387355,5,"36456.11,36104.43,36887.65,37069.92,54314.19","1304.56,1299.89,1300.32,1300.82,1403.48","complete,complete,complete,complete,complete","complete,complete,complete,complete,complete",False,False
"(answer (creation_date t!= last))(comment )(post_link )(site (site_name ""sports""))(so_user (downvotes > mode))(tag )(tag_question )","[7, 6, 5, 7, 9, 5]",45708.1154,526.7937,8096.1889,263.7806,37611.9265,5.645633,5,"46108.82,45102.34,45186.19,46223.01,45920.22","8225.63,7863.34,8476.32,8068.64,7847.02","complete,complete,complete,complete,complete","complete,complete,complete,complete,complete",False,False
"(answer (creation_date t< last))(comment )(post_link )(site (site_name ""sports""))(so_user (downvotes > mode))(tag )(tag_question )","[3, 6, 2, 3, 9, 2]",46054.442,746.5089,8911.2997,651.4023,37143.1424,5.168095,5,"45944.61,44993.47,46408.91,45900.24,47024.99","9419.58,8188.57,8207.64,9368.46,9372.25","complete,complete,complete,complete,complete","complete,complete,complete,complete,complete",False,False
"(answer (creation_date t< last))(comment )(post_link )(site (site_name ""sports""))(so_user (downvotes != mode))(tag )(tag_question )","[6, 6, 7, 7, 7, 7, 9, 0, 9, 8]",45845.6705,404.1902,8940.0129,167.1126,36905.6576,5.128144,5,"45398.12,46228.26,46294.50,45779.56,45527.90","8678.88,8925.26,9028.67,8938.98,9128.27","complete,complete,complete,complete,complete","complete,complete,complete,complete,complete",False,False
"(answer (creation_date t< last))(comment )(post_link (date t!= first))(site (site_name ""sports""))(so_user (downvotes > mode))(tag )(tag_question )","[1, 6, 9, 1, 9, 3]",45639.0292,826.0084,9722.3017,213.4619,35916.7275,4.694262,5,"44729.15,46276.45,46092.30,46346.49,44750.76","9628.94,9517.80,9985.38,9915.64,9563.75","complete,complete,complete,complete,complete","complete,complete,complete,complete,complete",False,False
"(answer (creation_date t!= last))(comment )(post_link (date t> first))(site (site_name ""sports""))(so_user (downvotes > mode))(tag )(tag_question )","[1, 4, 5, 1]",45927.8319,628.1534,12108.2569,662.039,33819.5751,3.7931,5,"45008.72,45622.39,46487.81,46030.10,46490.14","11247.59,12085.35,11733.39,12538.07,12936.90","complete,complete,complete,complete,complete","complete,complete,complete,complete,complete",False,False
(answer (creation_date t> last))(badge )(comment (score != mode))(site )(tag )(tag_question ),"[3, 6, 9, 3, 8, 9]",34097.4878,1098.3192,738.8069,18.335,33358.6809,46.152096,5,"34459.49,32205.54,34786.07,34896.73,34139.61","757.60,757.92,729.08,732.91,716.52","complete,complete,complete,complete,complete","complete,complete,complete,complete,complete",False,False
"(answer (creation_date t!= last))(badge )(comment )(post_link (date t= first))(site (site_name ""law""))(tag )(tag_question )","[7, 6, 9, 7, 9, 2]",44682.3698,682.8592,11391.3639,1281.3731,33291.0058,3.922478,5,"44982.88,44276.52,45654.17,43868.09,44630.19","12725.64,10428.98,10670.01,10285.52,12846.68","complete,complete,complete,complete,complete","complete,complete,complete,complete,complete",False,False
(answer (creation_date t> last))(badge )(comment (date t!= first))(site )(tag )(tag_question ),"[3, 6, 9, 3, 9, 2]",34545.2717,2001.996,2122.3523,114.3328,32422.9195,16.276879,5,"32057.30,35039.55,36833.63,32928.64,35867.24","2209.11,2125.13,2208.61,1929.91,2138.99","complete,complete,complete,complete,complete","complete,complete,complete,complete,complete",False,False
"(answer (creation_date t!= last))(comment )(post_link (date t> first))(site (site_name ""languagelearning""))(so_user (last_access_date t< median))(tag )(tag_question )","[5, 6, 9, 5, 9, 3]",58880.2676,1000.5862,27497.8552,445.0286,31382.4123,2.141268,5,"58653.65,59438.92,57443.79,60128.15,58736.83","27415.66,27375.55,27022.16,28233.47,27442.44","complete,complete,complete,complete,complete","complete,complete,complete,complete,complete",False,False
"(answer (creation_date t> last))(badge )(comment )(site (site_name ""sports""))(tag )(tag_question )","[3, 6, 9, 3, 9, 2]",32049.9578,3530.6163,787.5615,28.7692,31262.3963,40.69518,5,"27898.36,35238.17,34095.81,34482.71,28534.73","833.01,791.32,787.64,765.82,760.02","complete,complete,complete,complete,complete","complete,complete,complete,complete,complete",False,False
(answer (creation_date t> last))(badge )(comment (score != first))(site )(tag )(tag_question ),"[3, 6, 9, 3, 9, 2]",33060.6051,2033.1845,1967.7624,115.1895,31092.8427,16.801116,5,"31752.46,32844.98,34299.02,35772.65,30633.93","1883.98,1878.06,2090.70,1889.08,2097.01","complete,complete,complete,complete,complete","complete,complete,complete,complete,complete",False,False
"(answer (creation_date t> last))(badge )(comment )(site (site_name ""english""))(tag )(tag_question )","[3, 6, 9, 1, 9, 3]",31675.4705,2821.5013,778.2176,9.5243,30897.2528,40.702586,5,"28319.10,29135.13,33917.45,34602.81,32402.87","781.94,785.64,764.02,786.36,773.13","complete,complete,complete,complete,complete","complete,complete,complete,complete,complete",False,False
"(answer (creation_date t> first))(badge )(comment (score = last))(post_link )(site (site_name ""law""))(tag )(tag_question )","[3, 6, 9, 3, 9, 2]",31785.8162,252.1619,1021.907,6.5764,30763.9092,31.104412,5,"31824.21,32105.79,31909.64,31641.93,31447.52","1015.97,1030.04,1017.52,1027.99,1018.01","complete,complete,complete,complete,complete","complete,complete,complete,complete,complete",False,False
"(answer (creation_date t> last))(badge )(comment )(site (site_name ""law""))(tag )(tag_question )","[3, 6, 9, 3, 9, 4]",31464.8331,3148.1535,788.286,9.6878,30676.5471,39.915503,5,"27948.42,35430.05,31408.31,28873.36,33664.02","774.42,790.67,784.97,790.34,801.03","complete,complete,complete,complete,complete","complete,complete,complete,complete,complete",False,False
"(answer (creation_date t> first))(badge )(comment (score = last))(post_link )(site (site_name ""drupal""))(tag_question )","[6, 3, 6]",31861.3487,174.7187,1286.9971,8.4551,30574.3515,24.756348,5,"31850.56,32040.71,31706.88,32035.76,31672.83","1296.87,1284.32,1274.20,1288.86,1290.74","complete,complete,complete,complete,complete","complete,complete,complete,complete,complete",False,False
"(badge )(comment (score < mode))(site (site_name ""chemistry""))(tag_question )","[3, 6, 9, 3, 9, 2]",31309.3315,1816.8004,786.4633,5.3052,30522.8682,39.810289,5,"32369.97,29852.75,34010.33,30203.66,30109.94","792.34,791.79,782.53,780.86,784.80","complete,complete,complete,complete,complete","complete,complete,complete,complete,complete",False,False
(answer (creation_date t> last))(badge )(comment (score = mode))(site )(tag )(tag_question ),"[4, 4, 7, 4, 9, 7]",32007.8256,2017.6017,1619.3691,72.7953,30388.4565,19.765615,5,"30653.58,35245.73,31791.10,32298.75,30049.96","1577.03,1564.74,1564.13,1725.35,1665.60","complete,complete,complete,complete,complete","complete,complete,complete,complete,complete",False,False
"(answer (creation_date t> last))(badge )(comment )(site (site_name ""italian""))(tag )(tag_question )","[3, 6, 9, 3, 2, 7, 9, 2]",30752.955,2425.6824,789.4969,8.7572,29963.4581,38.952598,5,"28571.83,31649.70,28193.62,34095.56,31254.07","782.95,780.58,786.31,799.30,798.33","complete,complete,complete,complete,complete","complete,complete,complete,complete,complete",False,False
(account )(comment (date t> last))(site )(tag_question ),"[7, 0, 7, 6, 3, 7, 3, 9]",30915.1219,3637.346,987.6562,54.4874,29927.4657,31.301501,5,"27925.10,33285.70,28128.18,29097.49,36139.15","967.04,971.93,1084.46,958.83,956.02","complete,complete,complete,complete,complete","complete,complete,complete,complete,complete",False,False
"(answer (creation_date t> last))(badge )(comment )(site (site_name ""es""))(tag )(tag_question )","[3, 6, 9, 3, 9, 2]",30259.1885,1750.6586,793.2715,7.6018,29465.917,38.144808,5,"28899.24,27945.28,31475.92,30960.29,32015.21","799.75,790.47,802.87,787.37,785.90","complete,complete,complete,complete,complete","complete,complete,complete,complete,complete",False,False
"(answer (creation_date t> last))(badge )(comment )(site (site_name ""languagelearning""))(tag )(tag_question )","[3, 6, 9, 3, 8]",30177.2589,1269.1632,788.2086,5.6096,29389.0503,38.28588,5,"31597.25,30142.75,31280.35,28696.08,29169.87","794.68,791.33,784.98,789.69,780.36","complete,complete,complete,complete,complete","complete,complete,complete,complete,complete",False,False
(answer (creation_date t> last))(badge )(comment (score < first))(site )(tag )(tag_question ),"[3, 6, 9, 3, 9, 2]",29968.8118,1788.2776,593.8779,9.0561,29374.9338,50.462915,5,"29727.76,28829.81,28994.43,29181.95,33110.11","598.48,604.51,583.22,597.49,585.69","complete,complete,complete,complete,complete","complete,complete,complete,complete,complete",False,False
"(comment (date t< first))(site (site_name ""cooking""))(so_user )(tag_question )","[3, 6, 7, 3, 7, 9]",30069.5064,2194.7665,777.4587,15.0072,29292.0477,38.676662,5,"28190.01,29401.25,33733.60,28723.85,30298.83","785.82,783.57,787.05,779.78,751.07","complete,complete,complete,complete,complete","complete,complete,complete,complete,complete",False,False
(answer (creation_date t> last))(badge )(comment (score < mode))(site )(tag )(tag_question ),"[3, 6, 9, 3, 2, 1, 9, 2]",29769.0942,3528.0451,598.9542,13.2892,29170.1401,49.701791,5,"26860.60,32731.02,26980.83,34380.12,27892.90","577.35,596.22,602.55,610.71,607.94","complete,complete,complete,complete,complete","complete,complete,complete,complete,complete",False,False
"(answer (creation_date t> last))(badge )(comment )(site (site_name ""drupal""))(tag )(tag_question )","[3, 6, 9, 3, 9, 6]",29606.5797,2173.6353,785.763,5.3586,28820.8167,37.678766,5,"27752.32,27752.85,29518.24,29953.89,33055.60","777.73,784.37,791.10,785.41,790.20","complete,complete,complete,complete,complete","complete,complete,complete,complete,complete",False,False
(answer (creation_date t> last))(badge )(comment )(site )(tag )(tag_question ),"[4, 6, 9, 4, 3, 9]",28500.7157,983.104,1111.0221,4.7176,27389.6936,25.652698,5,"27978.46,30206.79,27794.73,28074.77,28448.82","1116.85,1109.75,1113.18,1104.04,1111.29","complete,complete,complete,complete,complete","complete,complete,complete,complete,complete",False,False
"(answer (creation_date t< last))(comment )(post_link )(site (site_name ""sports""))(so_user (reputation = mode))(tag )(tag_question )","[4, 6, 9, 4, 9, 3]",35332.6474,505.7228,7980.2251,380.8424,27352.4223,4.427525,5,"36078.73,35528.67,34736.22,35080.79,35238.83","8104.38,7312.84,8168.59,8055.41,8259.90","complete,complete,complete,complete,complete","complete,complete,complete,complete,complete",False,False
"(answer (creation_date t> first))(badge )(comment (score = last))(post_link )(site (site_name ""law""))(tag_question )","[3, 6, 9, 3, 9, 2]",40291.4262,7453.5918,13159.0262,213.2502,27132.4,3.061885,5,"37127.08,37095.65,36344.79,37280.64,53608.98","13461.18,13103.48,13225.35,12871.87,13133.25","complete,complete,complete,complete,complete","complete,complete,complete,complete,complete",False,False
"(answer (creation_date t> first))(badge )(comment (score = last))(post_link )(site (site_name ""italian""))(tag_question )","[7, 6, 0, 7, 8, 0, 3, 8]",41650.7614,9437.3322,15595.8755,361.4414,26054.8858,2.670627,5,"52012.65,34692.82,34950.77,34634.22,51963.35","15814.78,15653.90,14958.86,15757.77,15794.06","complete,complete,complete,complete,complete","complete,complete,complete,complete,complete",False,False
"(answer (creation_date t!= last))(comment )(post_link (date t> first))(site (site_name ""sports""))(so_user (last_access_date t< last)(downvotes > mode))(tag )(tag_question )","[3, 6, 7, 3, 9, 4]",40389.86,6714.432,14475.1355,482.7082,25914.7245,2.790292,5,"45021.09,33119.30,45130.29,32961.77,45716.85","14261.57,15015.60,14933.68,13888.00,14276.83","complete,complete,complete,complete,complete","complete,complete,complete,complete,complete",False,False
"(answer (creation_date t< last))(comment )(post_link )(site (site_name ""sports""))(so_user (reputation = mode)(last_access_date t!= first))(tag )(tag_question )","[4, 1, 9, 2, 9]",33247.5745,4390.3091,8684.195,183.1118,24563.3795,3.828515,5,"35539.51,25410.53,35353.45,34769.47,35164.91","8827.28,8498.61,8555.09,8924.62,8615.38","complete,complete,complete,complete,complete","complete,complete,complete,complete,complete",False,False
"(answer (creation_date t> first))(badge )(comment (score = last))(post_link )(site (site_name ""languagelearning""))(tag_question )","[3, 6, 5, 3, 9, 5]",33403.9819,832.8992,12761.9719,431.8736,20642.01,2.617462,5,"33593.44,32447.20,32635.75,34336.73,34006.78","12948.51,12951.23,13018.96,12897.90,11993.26","complete,complete,complete,complete,complete","complete,complete,complete,complete,complete",False,False
"(answer (creation_date t> first))(badge )(comment (score = last))(post_link )(site (site_name ""sports""))(tag_question )","[3, 6, 9, 3, 9, 2]",33191.7658,651.2302,12951.5996,437.2772,20240.1661,2.562754,5,"32206.53,33273.21,33039.82,33982.98,33456.29","12846.30,12740.24,12490.00,13651.51,13029.96","complete,complete,complete,complete,complete","complete,complete,complete,complete,complete",False,False
"(answer (creation_date t> first))(badge )(comment (score = last))(post_link )(site (site_name ""languagelearning""))(tag )(tag_question )","[3, 6, 9, 3, 9, 2]",21178.8318,3267.4311,1020.8001,22.1808,20158.0317,20.747287,5,"19889.05,19602.87,19710.41,27020.73,19671.10","1006.03,1004.93,1005.56,1033.41,1054.07","complete,complete,complete,complete,complete","complete,complete,complete,complete,complete",False,False
"(answer (creation_date t> first))(badge )(comment (score = last))(post_link )(site (site_name ""english""))(tag )(tag_question )","[3, 6, 9, 3, 9, 2]",19119.2807,309.7382,1024.762,12.7627,18094.5187,18.657289,5,"19138.75,18900.29,19552.17,19248.36,18756.84","1039.23,1026.39,1008.99,1034.36,1014.84","complete,complete,complete,complete,complete","complete,complete,complete,complete,complete",False,False
"(account )(site (site_name ""stackapps""))(tag_question )","[7, 6, 0, 7, 9, 0]",39735.4144,4539.4597,22431.1825,979.4331,17304.2319,1.771436,5,"41575.29,41790.45,31719.61,42814.30,40777.42","21680.34,21825.11,21775.54,22962.59,23912.33","complete,complete,complete,complete,complete","complete,complete,complete,complete,complete",False,False
"(answer (creation_date t!= last))(comment )(post_link (date t> first))(site (site_name ""drupal""))(so_user (last_access_date t< 0128)(downvotes > mode))(tag )(tag_question )","[6, 3, 9, 6]",23991.775,269.2106,8607.9904,222.8308,15383.7846,2.787152,5,"24247.30,24142.35,23586.70,23853.70,24128.81","8495.02,8643.97,8796.40,8285.03,8819.54","complete,complete,complete,complete,complete","complete,complete,complete,complete,complete",False,False
(answer )(badge )(post_link )(question (favorite_count > median)),"[5, 4, 1, 5, 1, 6, 2, 1]",40265.4841,9815.8146,26062.9379,477.7705,14202.5462,1.544933,5,"35115.70,35827.52,34985.84,37679.42,57718.93","26514.87,26266.77,25289.21,26297.50,25946.34","complete,complete,complete,complete,complete","complete,complete,complete,complete,complete",False,False
"(answer (creation_date t> first))(badge )(comment (score = last))(post_link )(site (site_name ""sports""))(tag )(tag_question )","[3, 6, 9, 3, 9, 2]",15065.267,2783.6042,1019.0863,13.7376,14046.1808,14.783113,5,"20038.91,13964.52,13912.13,13613.94,13796.83","1012.46,1037.07,1006.03,1009.55,1030.32","complete,complete,complete,complete,complete","complete,complete,complete,complete,complete",False,False
"(answer )(comment )(post_link )(site (site_name ""italian""))","[4, 6, 1, 4, 1, 3]",19501.6382,244.4783,5623.4435,214.3778,13878.1947,3.467918,5,"19358.09,19389.20,19766.91,19236.79,19757.21","5917.91,5689.47,5337.52,5650.30,5522.02","complete,complete,complete,complete,complete","complete,complete,complete,complete,complete",False,False
"(answer (creation_date t!= last))(comment )(post_link )(site (site_name ""languagelearning""))(so_user (downvotes > mode))(tag )(tag_question )","[7, 6, 5, 7, 9, 5]",16610.4522,339.3019,4087.183,22.0088,12523.2692,4.064034,5,"16279.31,16450.65,16742.84,17138.66,16440.81","4118.11,4092.65,4076.20,4058.55,4090.41","complete,complete,complete,complete,complete","complete,complete,complete,complete,complete",False,False
"(answer (creation_date t> first))(badge )(comment (score = last))(post_link )(site (site_name ""italian""))(tag )(tag_question )","[3, 6, 9, 3, 9, 2]",13360.2812,2546.2847,1009.4766,8.36,12350.8046,13.23486,5,"12250.99,11902.67,12733.41,12034.33,17880.01","1005.15,999.94,1005.73,1018.95,1017.61","complete,complete,complete,complete,complete","complete,complete,complete,complete,complete",False,False
(account )(post_link (link_type != median))(so_user (downvotes != mode))(tag ),"[8, 6, 4, 8, 0, 7, 4, 0]",36023.4856,1150.9354,24264.5873,799.9717,11758.8983,1.484612,5,"35200.46,36017.89,37972.86,35773.85,35152.37","24968.60,24914.93,24449.14,23955.06,23035.21","complete,complete,complete,complete,complete","complete,complete,complete,complete,complete",False,False
(comment (date t> median)(score < mode))(post_link )(site ),"[4, 6, 3, 4]",12142.3138,199.3597,452.185,22.8864,11690.1289,26.852538,5,"11912.77,12109.03,12048.75,12192.23,12448.80","436.28,475.99,433.84,478.44,436.37","complete,complete,complete,complete,complete","complete,complete,complete,complete,complete",False,False
"(answer (creation_date t< last))(comment )(post_link )(site (site_name ""languagelearning""))(so_user (downvotes != mode))(tag )(tag_question )","[3, 6, 5, 1, 9, 5]",16780.0092,584.5654,5144.5389,273.8472,11635.4703,3.261713,5,"16231.16,16588.22,16296.58,17240.40,17543.68","5154.89,4917.14,5435.88,5390.69,4824.10","complete,complete,complete,complete,complete","complete,complete,complete,complete,complete",False,False
"(answer (creation_date t< last))(comment )(post_link )(site (site_name ""languagelearning""))(so_user (downvotes > mode))(tag )(tag_question )","[2, 1, 1, 9, 2, 1, 9]",16554.4172,187.6141,5256.7219,143.4906,11297.6954,3.14919,5,"16654.98,16691.78,16642.98,16232.00,16550.35","5265.98,5331.30,5076.78,5163.86,5445.69","complete,complete,complete,complete,complete","complete,complete,complete,complete,complete",False,False
(comment (date t> last)(score != 0709))(post_link )(question ),"[5, 4, 5, 6, 3, 5]",11624.5596,164.9875,454.4416,12.2973,11170.118,25.579876,5,"11471.30,11906.04,11573.56,11568.85,11603.05","451.06,464.11,467.82,452.60,436.62","complete,complete,complete,complete,complete","complete,complete,complete,complete,complete",False,False
"(answer )(site (site_name ""stats""))(tag )","[8, 6, 1, 8]",12804.2432,1371.3293,2439.8254,35.4205,10364.4178,5.248016,5,"13677.55,10373.92,13409.78,13150.18,13409.79","2427.30,2496.26,2431.05,2400.09,2444.44","complete,complete,complete,complete,complete","complete,complete,complete,complete,complete",False,False
"(answer (creation_date t!= last))(comment )(post_link (date t> first))(site (site_name ""languagelearning""))(so_user (downvotes > mode))(tag )(tag_question )","[9, 6, 9, 9, 9, 3]",16391.1202,164.9826,6399.1146,252.9222,9992.0056,2.561467,5,"16593.17,16245.39,16471.21,16198.22,16447.61","6607.93,6564.62,6250.94,6548.11,6023.98","complete,complete,complete,complete,complete","complete,complete,complete,complete,complete",False,False
(account )(answer )(badge )(so_user (creation_date t> 0828)),"[1, 7, 0, 1, 2, 0]",22806.8691,4369.1324,13568.6698,132.9726,9238.1993,1.680848,5,"26908.34,19392.86,20178.86,19356.14,28198.14","13370.96,13669.32,13564.26,13529.02,13709.79","complete,complete,complete,complete,complete","complete,complete,complete,complete,complete",False,False
"(answer (creation_date t!= last))(badge )(comment )(post_link (date t= first))(site (site_name ""sports""))(tag_question )","[3, 6, 9, 3, 9, 2]",14204.0568,1648.8547,5206.1516,331.4292,8997.9053,2.728322,5,"11355.13,14741.23,15651.27,14666.65,14606.00","4687.43,5396.28,5371.59,5503.92,5071.54","complete,complete,complete,complete,complete","complete,complete,complete,complete,complete",False,False
(comment (score < first)(date t> first))(post_link )(so_user (upvotes = 0418)),"[7, 6, 4, 7, 4, 3]",8878.8363,169.4255,353.478,3.784,8525.3582,25.118497,5,"8878.29,8897.45,8682.85,8794.25,9141.34","348.56,357.80,350.61,354.91,355.51","complete,complete,complete,complete,complete","complete,complete,complete,complete,complete",False,False
(comment (score = last))(post_link )(tag ),"[8, 6, 8, 3, 8, 4]",11615.6336,553.34,3634.2336,55.0414,7981.4001,3.196171,5,"11778.22,10709.77,11711.55,11657.37,12221.26","3658.01,3593.88,3625.56,3577.83,3715.89","complete,complete,complete,complete,complete","complete,complete,complete,complete,complete",False,False
"(answer (creation_date t!= last))(badge )(comment )(post_link (date t= first))(site (site_name ""drupal""))(tag )(tag_question )","[3, 6, 9, 3, 9, 5]",18189.3801,358.7903,10660.2562,1207.0632,7529.1239,1.70628,5,"18193.55,17825.70,17949.12,18758.58,18219.95","9843.74,12126.27,9980.02,9546.71,11804.54","complete,complete,complete,complete,complete","complete,complete,complete,complete,complete",False,False
(comment (score > last)(date t> first))(question (view_count != last)),"[5, 6, 3, 5]",7847.2601,110.9286,413.1541,21.4208,7434.106,18.993542,5,"7790.94,7867.33,7771.86,8032.95,7773.23","418.99,395.34,439.90,387.61,423.93","complete,complete,complete,complete,complete","complete,complete,complete,complete,complete",False,False
"(answer (creation_date t> first))(badge )(comment (score = last))(post_link )(site (site_name ""drupal""))(tag )(tag_question )","[3, 6, 9, 3, 9, 2]",8277.9666,1519.5362,1027.6507,13.1056,7250.3159,8.055233,5,"7547.16,7904.11,7469.54,10977.87,7491.16","1026.77,1035.29,1028.74,1006.46,1040.98","complete,complete,complete,complete,complete","complete,complete,complete,complete,complete",False,False
(post_link )(so_user (upvotes > first)(last_access_date t!= 0850))(tag_question ),"[4, 6, 7, 4, 7, 9]",20109.5626,268.4021,12926.1927,220.3781,7183.3699,1.555722,5,"20131.80,20076.74,20111.12,20492.59,19735.56","13195.13,12625.58,12800.81,12962.80,13046.65","complete,complete,complete,complete,complete","complete,complete,complete,complete,complete",False,False
"(answer )(comment )(site (site_name ""italian""))","[1, 6, 3, 1]",37776.9711,399.3907,31661.4151,1929.234,6115.556,1.193155,5,"37925.87,37693.12,38389.72,37395.12,37481.03","32306.69,32425.94,28287.97,32105.26,33181.21","complete,complete,complete,complete,complete","complete,complete,complete,complete,complete",False,False
(answer (score < median))(badge )(comment (score < mode))(question (view_count < mode)(creation_date t< last)),"[5, 1, 5, 6, 3, 5, 3, 2]",6755.6667,864.1883,1252.7633,9.0738,5502.9034,5.392612,5,"7020.51,6229.25,6182.87,6181.92,8163.77","1262.21,1246.10,1243.52,1249.32,1262.68","complete,complete,complete,complete,complete","complete,complete,complete,complete,complete",False,False
(account )(post_link (date t!= 0235)),"[4, 6, 7, 0, 7, 4]",7424.8524,128.807,1936.2252,90.3159,5488.6271,3.834705,5,"7501.30,7476.89,7538.15,7215.23,7392.70","1898.43,1890.28,2097.67,1895.96,1898.78","complete,complete,complete,complete,complete","complete,complete,complete,complete,complete",False,False
(badge )(question (favorite_count != median))(so_user (reputation = median)),"[7, 5, 2, 7]",25531.2701,7085.8248,20312.1076,272.8772,5219.1625,1.256948,5,"22029.23,22102.32,22029.79,23326.75,38168.26","20634.40,20153.63,20581.79,20128.26,20062.45","complete,complete,complete,complete,complete","complete,complete,complete,complete,complete",False,False
(account )(post_link (date t> 0644)(link_type > 0823))(site )(tag ),"[8, 6, 4, 8, 7, 0, 4, 7]",30659.9983,938.7496,25629.9867,1177.5869,5030.0116,1.196255,5,"30329.35,31636.54,29855.10,29790.42,31688.59","23806.46,26468.93,25120.77,26109.71,26644.06","complete,complete,complete,complete,complete","complete,complete,complete,complete,complete",False,False
(post_link )(site )(so_user (upvotes != median))(tag_question ),"[4, 6, 7, 4, 7, 9]",19461.9658,503.9176,14453.8951,497.5177,5008.0708,1.346486,5,"19640.07,19754.22,20042.00,18864.34,19009.20","13990.25,14380.27,14841.71,13977.19,15080.04","complete,complete,complete,complete,complete","complete,complete,complete,complete,complete",False,False
(account )(post_link (date t!= median)(link_type = 0344)),"[4, 6, 7, 0, 7, 4]",6812.3119,330.7276,1831.8834,108.6136,4980.4285,3.718748,5,"6554.40,6685.43,6693.70,6736.82,7391.22","1776.68,1932.37,1736.40,1748.20,1965.76","complete,complete,complete,complete,complete","complete,complete,complete,complete,complete",False,False
(account )(post_link (link_type != last)),"[4, 6, 7, 0, 7, 4]",6655.7145,183.5186,1750.8518,11.0798,4904.8627,3.801415,5,"6384.51,6699.96,6568.03,6781.24,6844.83","1750.49,1749.73,1750.23,1736.30,1767.51","complete,complete,complete,complete,complete","complete,complete,complete,complete,complete",False,False
(badge )(comment (score < first)(date t!= 0001))(post_link ),"[4, 6, 3, 4, 3, 2]",5460.3498,82.8955,721.9376,14.1937,4738.4121,7.563465,5,"5530.19,5433.17,5370.85,5563.65,5403.89","740.93,714.74,703.67,729.57,720.78","complete,complete,complete,complete,complete","complete,complete,complete,complete,complete",False,False
"(post_link (link_type = 0207))(site (site_name ""raspberrypi""))(tag )","[8, 6, 4, 8]",7951.9046,92.5377,3503.8562,97.5216,4448.0484,2.269472,5,"8003.48,7923.36,7997.23,8032.59,7802.86","3630.17,3482.41,3569.58,3381.45,3455.66","complete,complete,complete,complete,complete","complete,complete,complete,complete,complete",False,False
(account )(post_link (date t> 0157)),"[4, 6, 7, 0, 7, 4]",5809.7641,58.6158,1536.6771,17.1498,4273.087,3.780732,5,"5840.88,5754.94,5777.23,5897.59,5778.19","1536.68,1553.93,1536.61,1547.20,1508.96","complete,complete,complete,complete,complete","complete,complete,complete,complete,complete",False,False
(comment (date t> last))(post_link )(so_user (reputation = mode)),"[7, 6, 4, 7, 3, 4]",4181.444,86.5628,336.5811,20.8716,3844.8628,12.423287,5,"4059.35,4228.40,4154.81,4291.37,4173.29","330.20,328.03,326.43,373.73,324.51","complete,complete,complete,complete,complete","complete,complete,complete,complete,complete",False,False
(answer )(post_link (date t!= 0749))(tag_question ),"[4, 6, 1, 4, 1, 9]",6691.7149,61.1215,3225.2829,32.8769,3466.432,2.074768,5,"6724.49,6706.98,6583.74,6731.22,6712.15","3248.41,3258.74,3220.95,3173.80,3224.51","complete,complete,complete,complete,complete","complete,complete,complete,complete,complete",False,False
"(post_link )(site (site_name ""philosophy""))(tag )","[8, 6, 4, 8]",7025.4576,63.1774,3744.6208,250.5117,3280.8368,1.876147,5,"7087.78,7091.94,6947.18,7011.54,6988.85","3536.79,3468.90,4067.67,3910.21,3739.52","complete,complete,complete,complete,complete","complete,complete,complete,complete,complete",False,False
"(answer (last_edit_date t!= last))(site (site_name ""ethereum""))(tag )","[8, 6, 1, 8]",4617.6493,33.2701,1356.5296,14.7622,3261.1197,3.404017,5,"4641.13,4578.16,4637.77,4646.45,4584.74","1362.37,1369.08,1349.72,1367.57,1333.91","complete,complete,complete,complete,complete","complete,complete,complete,complete,complete",False,False
"(badge )(site (site_name ""gis""))(tag )","[8, 6, 2, 8]",22166.8175,1998.4179,19198.9022,335.7186,2967.9152,1.154588,5,"18855.48,22281.94,22683.29,24261.43,22751.95","19174.31,18790.88,19017.95,19682.84,19328.53","complete,complete,complete,complete,complete","complete,complete,complete,complete,complete",False,False
(answer )(badge )(post_link (link_type != median)),"[4, 6, 1, 4, 1, 2]",9141.4675,45.3324,6213.0054,400.8133,2928.4621,1.471344,5,"9178.63,9142.13,9130.85,9184.24,9071.49","6359.03,6256.92,6779.52,5756.33,5913.22","complete,complete,complete,complete,complete","complete,complete,complete,complete,complete",False,False
"(answer )(comment )(post_link )(site (site_name ""mythology""))","[4, 6, 1, 4, 1, 3]",6025.5278,56.9257,3202.5061,88.2531,2823.0217,1.881504,5,"5930.74,6053.48,6062.58,6014.15,6066.69","3288.01,3079.72,3218.40,3277.57,3148.83","complete,complete,complete,complete,complete","complete,complete,complete,complete,complete",False,False
"(answer (creation_date t!= last))(comment )(post_link (date t> first))(site (site_name ""drupal""))(so_user (last_access_date t< 0194)(downvotes > mode))(tag )(tag_question )","[3, 6, 9, 3, 8, 9]",26231.7914,495.5749,23445.8203,1107.3538,2785.9711,1.118826,5,"25826.24,25798.21,26442.27,26105.65,26986.58","21671.04,23290.39,24338.89,23519.70,24409.09","complete,complete,complete,complete,complete","complete,complete,complete,complete,complete",False,False
(answer )(post_link (date t< median)(link_type = 0356))(tag_question ),"[4, 6, 1, 4, 1, 9]",4294.5707,40.942,2177.8638,26.6205,2116.7069,1.971919,5,"4305.77,4228.32,4288.04,4314.16,4336.56","2191.48,2191.92,2204.64,2139.41,2161.87","complete,complete,complete,complete,complete","complete,complete,complete,complete,complete",False,False
(post_link )(question (score = mode)(favorite_count != median))(so_user )(tag ),"[4, 5, 4, 6, 7, 4, 8, 7]",14563.7548,174.2735,12455.0285,1268.7727,2108.7264,1.169307,5,"14755.12,14523.14,14342.63,14472.76,14725.12","13170.66,12723.76,10225.56,12844.01,13311.15","complete,complete,complete,complete,complete","complete,complete,complete,complete,complete",False,False
(question )(site )(so_user (last_access_date t> first))(tag_question ),"[5, 7, 5, 6, 9, 5]",18632.6212,292.3834,16585.8891,118.0617,2046.7321,1.123402,5,"18877.96,18479.81,18700.75,18205.26,18899.33","16394.77,16585.92,16581.29,16689.12,16678.35","complete,complete,complete,complete,complete","complete,complete,complete,complete,complete",False,False
"(answer )(site (site_name ""crypto""))(tag )","[8, 6, 1, 8]",2992.3822,22.7946,1113.2423,20.9197,1879.1399,2.687988,5,"2954.03,2990.13,3002.36,3003.56,3011.82","1125.75,1139.20,1116.85,1095.55,1088.86","complete,complete,complete,complete,complete","complete,complete,complete,complete,complete",False,False
(answer )(badge )(post_link (date t> first)(link_type > first))(site ),"[4, 6, 1, 4, 1, 2]",9250.5147,290.5705,7373.0232,324.2206,1877.4915,1.254643,5,"9729.24,8960.69,9257.67,9203.84,9101.12","7170.18,6937.28,7692.25,7667.92,7397.48","complete,complete,complete,complete,complete","complete,complete,complete,complete,complete",False,False
"(answer (creation_date t!= last))(badge )(comment )(post_link (date t= first))(site (site_name ""sports""))(tag )(tag_question )","[8, 6, 9, 3, 8, 9]",5228.4904,413.5221,3416.3908,113.9902,1812.0996,1.530413,5,"5277.52,5211.97,5334.12,4584.69,5734.15","3265.17,3506.27,3551.62,3376.96,3381.93","complete,complete,complete,complete,complete","complete,complete,complete,complete,complete",False,False
"(answer (creation_date t!= last))(badge )(comment )(post_link (date t= first))(site (site_name ""sports""))(so_user (last_access_date t< last))(tag )(tag_question )","[5, 1, 9, 7, 9, 0]",5380.154,23.0076,3603.7846,197.0731,1776.3695,1.492918,5,"5369.19,5348.69,5410.76,5386.57,5385.56","3472.93,3608.95,3882.44,3683.60,3371.01","complete,complete,complete,complete,complete","complete,complete,complete,complete,complete",False,False
